# id,reference
64.154369
64.206785
64.671207
64.154625
64.154369
64.154369
64.154369
